id,user_id,role
3ce23688-a33a-4a6d-b995-11e51c5f3e8e,5eec1106-416a-42dc-bca1-c9f6a99139b2,user
435dd234-24bd-4136-85ea-365c0a29958a,61bc3c74-5afd-42da-8005-f3be19f39055,user
0c2b94cf-aa34-409f-b266-529028f66f15,61bc3c74-5afd-42da-8005-f3be19f39055,admin
69eb2914-63b1-45ad-a5b5-c666990be417,5eec1106-416a-42dc-bca1-c9f6a99139b2,admin
38e8c56d-11de-4a75-9c66-180838f03220,35ce2b86-6263-453c-8b3c-a299e7890405,user
3119d859-b5ef-4a3c-ab06-23e702bb53a4,35ce2b86-6263-453c-8b3c-a299e7890405,admin
ec42079a-aa61-4b4e-a405-8a99711ac256,70de2169-b9ca-4566-b538-98a8c4332565,user
f6983496-30dc-4c15-a454-5bcb08a17516,70de2169-b9ca-4566-b538-98a8c4332565,admin
80d503c4-e01f-4ee7-aa40-bc1ea4dcfb28,559989c5-e4a6-48d4-a2e2-001de30c675a,user
9b3fbe5b-e7fa-4be3-8274-b8c54555b1ac,559989c5-e4a6-48d4-a2e2-001de30c675a,admin
51689382-90c5-4fa7-ab78-a06925499f6b,242533cb-7c12-49a5-8d0e-ce43783c63e5,user
fe1087ef-2bb7-49a3-b307-c50e42ca0f46,11f6b50b-5323-4b4c-afbb-ffd025507d2b,user
89b283cf-d7d4-422a-b826-3e8983860d48,db1420c2-8d54-4d4a-8308-d1fa03c306cf,user
503dbbe2-0f43-4819-940a-819c81eca021,d504839d-6fdc-4de9-92f1-78b5f8314700,user
97b437d8-2c76-44cb-aa03-d56096a1f105,64546a84-4098-468f-8064-943ce7b4fb0d,user
fab59918-bd06-49ef-a667-6b4aebb506f2,2c96150d-307d-4a9d-a51b-a962f4a29180,user
81f7306c-6561-49e9-8f60-970ca5b1e3d4,9996ac2e-8e62-4767-826b-60afc92a5358,user
ba1b299b-2095-4143-b57b-b98efddbaab9,1bc7a201-1f21-499c-9977-a33d42f19df6,user
3cb9dfa1-bdb9-4517-b3f5-0aa9fa2f0acd,d9e7f2d3-51a4-4e9c-b781-e4cfd40cd4b4,user
a4ba3abb-8228-466d-9f1d-b6563716cb1c,30138a21-2ccc-4134-8dd5-ffb9029e5406,user
61f6bd3f-207e-4a28-ae91-9d029cb46b60,bb250599-4db2-4c63-8393-f1720bd2fa0c,user
df67b2a5-ff18-433c-b356-64d583d4216d,4005c71e-04ea-4add-ac7f-cbf7ed0cead2,user
c47a0a02-9a23-4b7d-b55a-526f42747fc4,e4c1b7cc-2216-4fa1-bd29-94113a4f9880,user
ff6170ed-eb4b-4490-b0a2-381d1064c904,2fb7e0e9-3fd5-4e07-a8f3-4afc8115f8c1,user
0cc95012-d712-4783-ac79-13ff478a4a1a,a1a6c236-31dc-4a96-8509-e9f4da713601,user
5a73dbd7-c6c9-4e8f-9998-1a4d32268b87,fa5947fa-b4d3-4d61-b7f0-eedccf6ee438,user
75dab7dc-c7b1-4840-8c25-f117fbe59235,0a20cb59-2a4b-4b63-855a-e640315fe752,user
45bc0a3c-b41e-49bb-af7e-2a8df64e2404,e2720e4c-b9f9-420e-9b12-46a68a4a469b,user
30b1305a-f77c-43db-b5ec-d42e31828a6b,bdb24016-8d10-4461-aca0-3d2552592191,user
a168fa22-e421-4a41-a08b-6b5584478407,88e3544b-9f97-4a38-bc79-b1c679253b04,user
f77f9456-ea4a-4a6e-8f7f-a1074e74fa73,900758c4-1bf5-4a59-a205-b4c85eb93fc0,user
e8192d1d-0a91-46b3-876d-3e7984c74ab4,0b55ef24-6895-4d2d-8013-576b41b08586,user
230730db-52db-4f97-b574-dc44f0c7c147,33d52aa3-1e7c-4208-9f8e-d2e9da98a58a,user
0c7a4f26-45cd-4f4d-94f6-66a60c24fcbc,2a7ab52f-f6a0-436f-9753-5e20d410275e,user
6ce65d97-c360-48bb-b291-ecb063100db0,38637e0a-d666-4312-a759-1275f5643fb0,user
701b1efc-c48c-42a5-9555-5b0bcf8844c9,c4eb6080-1d3f-4cde-a5ae-5dda0699827d,user
9669f9ff-2208-49ed-8612-fe5efd58a6a4,ba514ad3-a3c7-4483-8345-eaa052d83385,user
932bff5a-ca77-453e-a000-eb729ef77477,944b16d7-f85d-4f37-9c80-314a498d3023,user
bf59b503-bbd1-4037-b7a2-38be3ba8e187,5ae28ab9-138b-44ac-850b-9555522bd26e,user
01e05bcb-afc6-495d-8698-1826b5de6de8,fcc38370-d404-4dae-a7ef-e84de5a24c95,user
3d64797c-f6b2-439c-95fd-3a4ba19da190,69496443-1f58-4576-bcf1-9a270c46ba62,user
1dd6eeba-630b-4251-85ec-966e96fea273,ed1517a4-2eb4-4aa9-8f8e-f4ed08e2d5dc,user
b0aaccb0-0a55-42f1-8fef-43d60c502701,6013745d-1589-4611-ac8e-7a0de8925d0b,user
8b6bc5c0-f7bb-4628-81d7-f7d735a19c2d,304df538-d9fa-4acd-a57b-8e72d3b28bd4,user
72709637-d762-4f4b-820f-4a94d3d3fec4,a1cf89eb-1b0e-4027-812d-3db04a94138c,user
264a3671-1c7a-4c77-99e9-5f876802e85f,53228afc-c5e6-454d-ba49-efe6c08509c8,user
7a38e7b0-49e4-450f-9b36-19c2d83c6681,19736717-b877-4660-996f-0be503fccd9b,user
d1e0e9c9-ae2e-4612-8f2a-ed91958bb9b2,69a2ef06-74d1-4bb4-ade0-111e1660721e,user
97ac4b44-16c6-4305-8899-3a9ee2f79bf3,c7452262-95e5-452e-a24b-967015d55658,user
3ef3275f-2da3-4ed2-8e24-1d8cee65ebb7,19736717-b877-4660-996f-0be503fccd9b,admin
998d23c7-af69-445f-bf1c-d3e94abb9d67,f96fadd0-080f-4ced-814a-4140cc9a552e,user
23cd011e-1c27-4c89-9cab-c41f44ae59c6,5462f8d4-f134-4f7a-8eb3-644a12395994,user
9b4c4670-1f9e-4077-8943-1bbe1f7ba871,74e047ba-56ec-4493-98a1-cf9a634a22cc,user
f31ab689-e81e-4b4e-a819-57ca79827969,f228de31-7722-4671-941d-67be74112760,user
04cc09e1-5d8d-4b5f-ab2f-96c38cd89f96,d869597d-ab3e-4057-b25a-26ec61dc3a91,user
fd1e1563-1995-4059-a7c8-8073ac0beeb2,401fdf02-29f5-4f2e-909d-48616384007a,user
c3f167c8-13fa-4de9-851e-80a896e57b7a,9a6b6b90-91aa-4b37-8f2c-2340a3896455,user
2f9c0ee2-09ec-4c6c-9100-cf09ef7c6aec,a7f41f5f-e444-4f50-8ddc-079aa5ff4d10,user
0e0f0366-9e2f-4833-855a-5f6d80625335,fcc38370-d404-4dae-a7ef-e84de5a24c95,admin
